{"cameraMode":{"drawMode":0,"name":"Shaded","section":"Shading Mode"},"sceneLighting":true,"audioPlay":false,"sceneViewState":{"showFog":false,"showMaterialUpdate":false,"showSkybox":false,"showFlares":false,"showImageEffects":false,"showParticleSystems":false},"in2DMode":false,"pivot":{"x":0.8541849851608276,"y":0.5,"z":0.8541849851608276},"rotation":{"x":-0.04167314991354942,"y":0.2854878604412079,"z":-0.012426060624420643,"w":-0.9573983550071716},"size":0.03689496964216232,"orthographic":false}