{"cameraMode":{"drawMode":0,"name":"Shaded","section":"Shading Mode"},"sceneLighting":false,"audioPlay":false,"sceneViewState":{"showFog":false,"showMaterialUpdate":false,"showSkybox":false,"showFlares":false,"showImageEffects":false,"showParticleSystems":false},"in2DMode":false,"pivot":{"x":-83.302001953125,"y":-16.01618194580078,"z":-61.632408142089847},"rotation":{"x":-0.04167314991354942,"y":0.2854878604412079,"z":-0.012426060624420643,"w":-0.9573983550071716},"size":0.9035301208496094,"orthographic":false}